insert into Course(id, name) values(10001, 'Testowo');
insert into Course(id, name) values(10002, 'Testowo2');
insert into Course(id, name) values(10003, 'Testowo3');
insert into Course(id, name) values(10004, 'Testowo4');
insert into Course(id, name) values(10005, 'Testowo5');

insert into passport(id, number) values(40001, 'A1234');
insert into passport(id, number) values(40002, 'B4567');
insert into passport(id, number) values(40003, 'C7890');

insert into student(id, name, passport_id) values(20001, 'Jan', 40001);
insert into student(id, name, passport_id) values(20002, 'Beata', 40002);
insert into student(id, name, passport_id) values(20003, 'Zofia', 40003);

insert into review(id, rating, description, course_id)values(3001,"3","haja",10001);
insert into review(id, rating, description, course_id)values(3002,"1","ha",10001);
insert into review(id, rating, description, course_id)values(3003,"1","hja",10001);
insert into review(id, rating, description, course_id)values(3004,"3","hja",10001);
insert into review(id, rating, description, course_id)values(3005,"3","haja",10001);
insert into review(id, rating, description, course_id)values(3006,"3","hj",10001);
insert into review(id, rating, description, course_id)values(3007,"2","haa",10001);
insert into review(id, rating, description, course_id)values(3008,"5","haa",10001);
insert into review(id, rating, description, course_id)values(3009,"4","haa",10001);
insert into review(id, rating, description, course_id)values(3010,"2","haa",10001);

Insert into student_course(student_id, course_id) VALUES (20001, 10001);
Insert into student_course(student_id, course_id) VALUES (20001, 10002);
Insert into student_course(student_id, course_id) VALUES (20002, 10001);
Insert into student_course(student_id, course_id) VALUES (20001, 10003);
Insert into student_course(student_id, course_id) VALUES (20002, 10002);
Insert into student_course(student_id, course_id) VALUES (20003, 10002);